config_hash,experiment,source,target,classifier,strategy,seed,budget,run_type,macro_f1,accuracy,n_source_train,n_target_labeled,n_target_val,n_pseudo,chosen_C,val_score,tuning,fit_seconds
c193d6b103,gapcheck6_small,__none__,books,logreg,__none__,0,2000,ceiling,0.8943956744468253,0.8944,0,2000,1500,0,10.0,0.905332660143361,target_full,5.973
c193d6b103,gapcheck6_small,__none__,movies,logreg,__none__,0,2000,ceiling,0.9023144117950384,0.9024,0,2000,1500,0,10.0,0.9053196993700425,target_full,3.088
c193d6b103,gapcheck6_small,__none__,music,logreg,__none__,0,2000,ceiling,0.9026410946891078,0.9028,0,2000,1500,0,10.0,0.8938674994693375,target_full,3.355
c193d6b103,gapcheck6_small,__none__,electronics,logreg,__none__,0,2000,ceiling,0.9083618638732696,0.9084,0,2000,1500,0,10.0,0.9005690475671448,target_full,3.426
c193d6b103,gapcheck6_small,__none__,kitchen,logreg,__none__,0,2000,ceiling,0.9063805870785366,0.9064,0,2000,1500,0,10.0,0.914651493598862,target_full,2.99
c193d6b103,gapcheck6_small,__none__,clothing,logreg,__none__,0,2000,ceiling,0.9235999877759979,0.9236,0,2000,1500,0,10.0,0.9139154841353132,target_full,2.307
c193d6b103,gapcheck6_small,books,movies,logreg,random,0,0,source_only,0.8819151867637411,0.882,2000,0,0,0,10.0,0.8993311409892927,source_val_fallback,0.082
c193d6b103,gapcheck6_small,books,music,logreg,random,0,0,source_only,0.8691319695630577,0.8692,2000,0,0,0,10.0,0.8973331508144904,source_val_fallback,0.079
c193d6b103,gapcheck6_small,books,electronics,logreg,random,0,0,source_only,0.8321577938917029,0.8332,2000,0,0,0,10.0,0.9013326316987142,source_val_fallback,0.08
c193d6b103,gapcheck6_small,books,kitchen,logreg,random,0,0,source_only,0.8487128586065573,0.8488,2000,0,0,0,10.0,0.9,source_val_fallback,0.079
c193d6b103,gapcheck6_small,books,clothing,logreg,random,0,0,source_only,0.8391666495964603,0.8392,2000,0,0,0,10.0,0.901999607998432,source_val_fallback,0.081
c193d6b103,gapcheck6_small,movies,books,logreg,random,0,0,source_only,0.8660265033270352,0.8664,2000,0,0,0,10.0,0.9039993173284788,source_val_fallback,0.076
c193d6b103,gapcheck6_small,movies,music,logreg,random,0,0,source_only,0.8883764376954215,0.8888,2000,0,0,0,10.0,0.8999971554746447,source_val_fallback,0.075
c193d6b103,gapcheck6_small,movies,electronics,logreg,random,0,0,source_only,0.8003268698646051,0.8064,2000,0,0,0,10.0,0.9039916366047887,source_val_fallback,0.074
c193d6b103,gapcheck6_small,movies,kitchen,logreg,random,0,0,source_only,0.8075823547521661,0.8096,2000,0,0,0,10.0,0.9033298532080488,source_val_fallback,0.075
c193d6b103,gapcheck6_small,movies,clothing,logreg,random,0,0,source_only,0.8286309008897677,0.8296,2000,0,0,0,10.0,0.9013326316987142,source_val_fallback,0.073
c193d6b103,gapcheck6_small,music,books,logreg,random,0,0,source_only,0.8427758688382416,0.8436,2000,0,0,0,10.0,0.8911761917542265,source_val_fallback,0.076
c193d6b103,gapcheck6_small,music,movies,logreg,random,0,0,source_only,0.8727232927295209,0.8732,2000,0,0,0,10.0,0.8951924253718888,source_val_fallback,0.076
c193d6b103,gapcheck6_small,music,electronics,logreg,random,0,0,source_only,0.7917847099806934,0.7968,2000,0,0,0,10.0,0.8918598503660744,source_val_fallback,0.074
c193d6b103,gapcheck6_small,music,kitchen,logreg,random,0,0,source_only,0.8199125372530702,0.8216,2000,0,0,0,10.0,0.8905545945715079,source_val_fallback,0.075
c193d6b103,gapcheck6_small,music,clothing,logreg,random,0,0,source_only,0.8156353735227333,0.8164,2000,0,0,0,10.0,0.8931949139418018,source_val_fallback,0.075
c193d6b103,gapcheck6_small,electronics,books,logreg,random,0,0,source_only,0.8209549210358896,0.822,2000,0,0,0,10.0,0.8992344039103279,source_val_fallback,0.074
c193d6b103,gapcheck6_small,electronics,movies,logreg,random,0,0,source_only,0.8170174872857583,0.8196,2000,0,0,0,10.0,0.9012321951011169,source_val_fallback,0.077
c193d6b103,gapcheck6_small,electronics,music,logreg,random,0,0,source_only,0.8302400004119295,0.8312,2000,0,0,0,10.0,0.8991978103895237,source_val_fallback,0.075
c193d6b103,gapcheck6_small,electronics,kitchen,logreg,random,0,0,source_only,0.895599181497583,0.8956,2000,0,0,0,10.0,0.8992168279864857,source_val_fallback,0.073
c193d6b103,gapcheck6_small,electronics,clothing,logreg,random,0,0,source_only,0.8891782789426728,0.8892,2000,0,0,0,10.0,0.8952121986349554,source_val_fallback,0.077
c193d6b103,gapcheck6_small,kitchen,books,logreg,random,0,0,source_only,0.8247035071387985,0.826,2000,0,0,0,10.0,0.9139889523587696,source_val_fallback,0.069
c193d6b103,gapcheck6_small,kitchen,movies,logreg,random,0,0,source_only,0.7875464680341429,0.7936,2000,0,0,0,1.0,0.9119993742177722,source_val_fallback,0.071
c193d6b103,gapcheck6_small,kitchen,music,logreg,random,0,0,source_only,0.8317805383022774,0.8336,2000,0,0,0,10.0,0.9106588840627895,source_val_fallback,0.066
c193d6b103,gapcheck6_small,kitchen,electronics,logreg,random,0,0,source_only,0.9091393875769581,0.9096,2000,0,0,0,10.0,0.9106507823613087,source_val_fallback,0.077
c193d6b103,gapcheck6_small,kitchen,clothing,logreg,random,0,0,source_only,0.9063994608608945,0.9064,2000,0,0,0,10.0,0.9166532941507504,source_val_fallback,0.07
c193d6b103,gapcheck6_small,clothing,books,logreg,random,0,0,source_only,0.7864026886520803,0.7904,2000,0,0,0,10.0,0.9125403749681207,source_val_fallback,0.067
c193d6b103,gapcheck6_small,clothing,movies,logreg,random,0,0,source_only,0.7925447839831401,0.7984,2000,0,0,0,10.0,0.9105419820692306,source_val_fallback,0.064
c193d6b103,gapcheck6_small,clothing,music,logreg,random,0,0,source_only,0.8109857678800946,0.8144,2000,0,0,0,10.0,0.9112307160410769,source_val_fallback,0.065
c193d6b103,gapcheck6_small,clothing,electronics,logreg,random,0,0,source_only,0.8652397784979018,0.8668,2000,0,0,0,10.0,0.912565592491587,source_val_fallback,0.07
c193d6b103,gapcheck6_small,clothing,kitchen,logreg,random,0,0,source_only,0.8825685002386304,0.8828,2000,0,0,0,10.0,0.9139081304093835,source_val_fallback,0.07
